{"loss": [4.710620880126953, 3.8727023601531982, 2.9996678829193115, 2.297208070755005, 1.8650779724121094, 1.4809482097625732, 1.3184678554534912, 1.0996394157409668, 1.0314712524414062, 0.8979148268699646, 0.7767897248268127, 0.7537912726402283, 0.6314931511878967, 0.6483698487281799, 0.5383561849594116, 0.5721760392189026, 0.5235183238983154, 0.5020093321800232, 0.4391145408153534, 0.44923919439315796, 0.378877729177475, 0.3529161810874939, 0.41900938749313354, 0.4094812273979187, 0.3399932086467743, 0.3108006417751312, 0.3625648021697998, 0.3305627703666687, 0.3390820622444153, 0.37051504850387573, 0.33066269755363464, 0.2970736622810364, 0.21998125314712524, 0.22366483509540558, 0.2512662708759308, 0.2553490698337555, 0.23272962868213654, 0.2256460338830948, 0.21042485535144806, 0.2507961392402649, 0.2608881890773773, 0.23202748596668243, 0.20486879348754883, 0.23662185668945312, 0.19626595079898834, 0.1806742250919342, 0.17920532822608948, 0.1952769160270691, 0.2342342734336853, 0.20879344642162323, 0.20196081697940826, 0.1917126327753067, 0.16214685142040253, 0.15176846086978912, 0.18218712508678436, 0.15668044984340668, 0.22856716811656952, 0.20115956664085388, 0.14450526237487793, 0.11544466763734818, 0.17623552680015564, 0.21478024125099182, 0.1578485369682312, 0.15460261702537537, 0.18071837723255157, 0.15348906815052032, 0.21555592119693756, 0.1595902144908905, 0.1257464438676834, 0.1747136116027832, 0.1589464694261551, 0.13014894723892212, 0.1380843222141266, 0.13993112742900848, 0.19220513105392456, 0.15441185235977173, 0.13429966568946838, 0.24771226942539215, 0.1740768998861313, 0.1080944612622261, 0.10034799575805664, 0.1548052728176117, 0.13555976748466492, 0.09893900901079178, 0.10305757820606232, 0.1506028026342392, 0.17960581183433533, 0.09210392087697983, 0.14543332159519196, 0.17118413746356964, 0.14597374200820923, 0.12363474816083908, 0.12571981549263, 0.11118977516889572, 0.1433548480272293, 0.1276782900094986, 0.0751020535826683, 0.1446155309677124, 0.21498830616474152, 0.14852075278759003], "accuracy": [0.023125000298023224, 0.09624999761581421, 0.22312499582767487, 0.3531250059604645, 0.4325000047683716, 0.5562499761581421, 0.5950000286102295, 0.6493750214576721, 0.6775000095367432, 0.7018749713897705, 0.7562500238418579, 0.7637500166893005, 0.7900000214576721, 0.7900000214576721, 0.8193749785423279, 0.8143749833106995, 0.8324999809265137, 0.8362500071525574, 0.8631250262260437, 0.8556249737739563, 0.871874988079071, 0.8831250071525574, 0.8600000143051147, 0.8725000023841858, 0.8987500071525574, 0.8962500095367432, 0.8881250023841858, 0.8931249976158142, 0.8912500143051147, 0.8662499785423279, 0.8943750262260437, 0.9006249904632568, 0.9331250190734863, 0.9206249713897705, 0.9237499833106995, 0.9268749952316284, 0.9175000190734863, 0.9231250286102295, 0.9325000047683716, 0.9206249713897705, 0.9131249785423279, 0.9262499809265137, 0.9393749833106995, 0.9300000071525574, 0.9300000071525574, 0.9412500262260437, 0.9399999976158142, 0.9350000023841858, 0.9312499761581421, 0.9325000047683716, 0.9337499737739563, 0.9412500262260437, 0.9506250023841858, 0.9493749737739563, 0.9387500286102295, 0.9437500238418579, 0.9275000095367432, 0.9387500286102295, 0.9537500143051147, 0.9631249904632568, 0.9437500238418579, 0.934374988079071, 0.9443749785423279, 0.9512500166893005, 0.9437500238418579, 0.9556249976158142, 0.9287499785423279, 0.9506250023841858, 0.9599999785423279, 0.9337499737739563, 0.9449999928474426, 0.9587500095367432, 0.9537500143051147, 0.9556249976158142, 0.9381250143051147, 0.9431250095367432, 0.953125, 0.9281250238418579, 0.9474999904632568, 0.9674999713897705, 0.9637500047683716, 0.9512500166893005, 0.9574999809265137, 0.9662500023841858, 0.9700000286102295, 0.9449999928474426, 0.940625011920929, 0.9662500023841858, 0.9593750238418579, 0.9431250095367432, 0.9556249976158142, 0.9524999856948853, 0.9649999737739563, 0.9599999785423279, 0.9537500143051147, 0.956250011920929, 0.9750000238418579, 0.9587500095367432, 0.9362499713897705, 0.9493749737739563], "val_loss": [4.349094390869141], "val_accuracy": [0.06977256387472153]}